{
    "axis_max" : 0.81700000000000017,
    "axis_min" : -2.8580000000000001,
    "bounding_polygon" : 
    [
        [ -0.091687413867212741, -0.14071210477866827, 0.0 ],
        [ 0.030980770065893004, -0.14071210477866827, 0.0 ],
        [ 0.030980770065893004, -0.044064443478879611, 0.0 ],
        [ -0.091687413867212741, -0.044064443478879611, 0.0 ]
    ],
    "class_name" : "SelectionPolygonVolume",
    "orthogonal_axis" : "Z",
    "version_major" : 1,
    "version_minor" : 0

} 

